{
  "last_node_id": 87,
  "last_link_id": 222,
  "nodes": [
    {
      "id": 32,
      "type": "Reroute",
      "pos": [
        3350,
        -400
      ],
      "size": [
        75,
        26
      ],
      "flags": {},
      "order": 21,
      "mode": 0,
      "inputs": [
        {
          "name": "",
          "type": "*",
          "link": 103
        }
      ],
      "outputs": [
        {
          "name": "",
          "type": "CONDITIONING",
          "links": [
            104
          ],
          "slot_index": 0
        }
      ],
      "properties": {
        "showOutputText": false
      }
    },
    {
      "id": 33,
      "type": "Reroute",
      "pos": [
        3350,
        -350
      ],
      "size": [
        75,
        26
      ],
      "flags": {},
      "order": 23,
      "mode": 0,
      "inputs": [
        {
          "name": "",
          "type": "*",
          "link": 101
        }
      ],
      "outputs": [
        {
          "name": "",
          "type": "CONDITIONING",
          "links": [
            102
          ],
          "slot_index": 0
        }
      ],
      "properties": {
        "showOutputText": false
      }
    },
    {
      "id": 24,
      "type": "Reroute",
      "pos": [
        1050,
        -400
      ],
      "size": [
        75,
        26
      ],
      "flags": {},
      "order": 17,
      "mode": 0,
      "inputs": [
        {
          "name": "",
          "type": "*",
          "link": 61
        }
      ],
      "outputs": [
        {
          "name": "",
          "type": "CONDITIONING",
          "links": [
            63,
            103
          ],
          "slot_index": 0
        }
      ],
      "properties": {
        "showOutputText": false
      }
    },
    {
      "id": 17,
      "type": "VAEDecode",
      "pos": [
        4000,
        -100
      ],
      "size": {
        "0": 210,
        "1": 46
      },
      "flags": {},
      "order": 32,
      "mode": 0,
      "inputs": [
        {
          "name": "samples",
          "type": "LATENT",
          "link": 37
        },
        {
          "name": "vae",
          "type": "VAE",
          "link": 196
        }
      ],
      "outputs": [
        {
          "name": "IMAGE",
          "type": "IMAGE",
          "links": [
            185,
            187
          ],
          "slot_index": 0
        }
      ],
      "properties": {
        "Node name for S&R": "VAEDecode"
      }
    },
    {
      "id": 59,
      "type": "UpscaleModelLoader",
      "pos": [
        3950,
        -250
      ],
      "size": {
        "0": 315,
        "1": 58
      },
      "flags": {},
      "order": 0,
      "mode": 0,
      "outputs": [
        {
          "name": "UPSCALE_MODEL",
          "type": "UPSCALE_MODEL",
          "links": [
            165
          ],
          "slot_index": 0
        }
      ],
      "properties": {
        "Node name for S&R": "UpscaleModelLoader"
      },
      "widgets_values": [
        "4x-lollypop.pth"
      ]
    },
    {
      "id": 58,
      "type": "ImageUpscaleWithModel",
      "pos": [
        4350,
        -100
      ],
      "size": {
        "0": 241.79998779296875,
        "1": 46
      },
      "flags": {},
      "order": 33,
      "mode": 0,
      "inputs": [
        {
          "name": "upscale_model",
          "type": "UPSCALE_MODEL",
          "link": 165,
          "slot_index": 0
        },
        {
          "name": "image",
          "type": "IMAGE",
          "link": 185,
          "slot_index": 1
        }
      ],
      "outputs": [
        {
          "name": "IMAGE",
          "type": "IMAGE",
          "links": [
            166
          ],
          "slot_index": 0
        }
      ],
      "properties": {
        "Node name for S&R": "ImageUpscaleWithModel"
      }
    },
    {
      "id": 60,
      "type": "ImageScale",
      "pos": [
        4650,
        -100
      ],
      "size": {
        "0": 315,
        "1": 130
      },
      "flags": {},
      "order": 35,
      "mode": 0,
      "inputs": [
        {
          "name": "image",
          "type": "IMAGE",
          "link": 166
        }
      ],
      "outputs": [
        {
          "name": "IMAGE",
          "type": "IMAGE",
          "links": [
            172
          ],
          "slot_index": 0
        }
      ],
      "properties": {
        "Node name for S&R": "ImageScale"
      },
      "widgets_values": [
        "nearest-exact",
        2048,
        3072,
        "disabled"
      ]
    },
    {
      "id": 25,
      "type": "Reroute",
      "pos": [
        1050,
        -350
      ],
      "size": [
        75,
        26
      ],
      "flags": {},
      "order": 18,
      "mode": 0,
      "inputs": [
        {
          "name": "",
          "type": "*",
          "link": 105
        }
      ],
      "outputs": [
        {
          "name": "",
          "type": "CONDITIONING",
          "links": [
            64,
            101
          ],
          "slot_index": 0
        }
      ],
      "properties": {
        "showOutputText": false
      }
    },
    {
      "id": 26,
      "type": "Reroute",
      "pos": [
        3350,
        -450
      ],
      "size": [
        75,
        26
      ],
      "flags": {},
      "order": 20,
      "mode": 0,
      "inputs": [
        {
          "name": "",
          "type": "*",
          "link": 95
        }
      ],
      "outputs": [
        {
          "name": "",
          "type": "MODEL",
          "links": [
            82
          ],
          "slot_index": 0
        }
      ],
      "properties": {
        "showOutputText": false
      }
    },
    {
      "id": 78,
      "type": "Reroute",
      "pos": [
        3750,
        700
      ],
      "size": [
        75,
        26
      ],
      "flags": {},
      "order": 24,
      "mode": 0,
      "inputs": [
        {
          "name": "",
          "type": "*",
          "link": 195
        }
      ],
      "outputs": [
        {
          "name": "",
          "type": "VAE",
          "links": [
            196
          ],
          "slot_index": 0
        }
      ],
      "properties": {
        "showOutputText": false
      }
    },
    {
      "id": 16,
      "type": "Reroute",
      "pos": [
        1500,
        700
      ],
      "size": [
        75,
        26
      ],
      "flags": {},
      "order": 15,
      "mode": 0,
      "inputs": [
        {
          "name": "",
          "type": "*",
          "link": 202
        }
      ],
      "outputs": [
        {
          "name": "",
          "type": "VAE",
          "links": [
            54,
            56
          ],
          "slot_index": 0
        }
      ],
      "properties": {
        "showOutputText": false
      }
    },
    {
      "id": 12,
      "type": "Reroute",
      "pos": [
        0,
        700
      ],
      "size": [
        75,
        26
      ],
      "flags": {},
      "order": 7,
      "mode": 0,
      "inputs": [
        {
          "name": "",
          "type": "*",
          "link": 186
        }
      ],
      "outputs": [
        {
          "name": "",
          "type": "VAE",
          "links": [
            201
          ],
          "slot_index": 0
        }
      ],
      "properties": {
        "showOutputText": false
      }
    },
    {
      "id": 9,
      "type": "SaveImage",
      "pos": [
        4300,
        200
      ],
      "size": [
        350,
        500
      ],
      "flags": {},
      "order": 34,
      "mode": 0,
      "inputs": [
        {
          "name": "images",
          "type": "IMAGE",
          "link": 187
        }
      ],
      "properties": {},
      "widgets_values": [
        "wyrdeWF"
      ]
    },
    {
      "id": 28,
      "type": "Reroute",
      "pos": [
        1050,
        -450
      ],
      "size": [
        75,
        26
      ],
      "flags": {},
      "order": 16,
      "mode": 0,
      "inputs": [
        {
          "name": "",
          "type": "*",
          "link": 94
        }
      ],
      "outputs": [
        {
          "name": "",
          "type": "MODEL",
          "links": [
            95,
            96
          ],
          "slot_index": 0
        }
      ],
      "properties": {
        "showOutputText": false
      }
    },
    {
      "id": 4,
      "type": "CheckpointLoaderSimple",
      "pos": [
        -600,
        0
      ],
      "size": {
        "0": 424.119140625,
        "1": 108.51560974121094
      },
      "flags": {},
      "order": 1,
      "mode": 0,
      "outputs": [
        {
          "name": "MODEL",
          "type": "MODEL",
          "links": [
            211
          ],
          "slot_index": 0
        },
        {
          "name": "CLIP",
          "type": "CLIP",
          "links": [
            212
          ],
          "slot_index": 1
        },
        {
          "name": "VAE",
          "type": "VAE",
          "links": [
            186
          ],
          "slot_index": 2
        }
      ],
      "properties": {
        "Node name for S&R": "CheckpointLoaderSimple"
      },
      "widgets_values": [
        "perfectWorld_v2Baked.safetensors"
      ]
    },
    {
      "id": 15,
      "type": "Reroute",
      "pos": [
        500,
        -450
      ],
      "size": [
        75,
        26
      ],
      "flags": {},
      "order": 11,
      "mode": 0,
      "inputs": [
        {
          "name": "",
          "type": "*",
          "link": 213
        }
      ],
      "outputs": [
        {
          "name": "",
          "type": "MODEL",
          "links": [
            94
          ],
          "slot_index": 0
        }
      ],
      "properties": {
        "showOutputText": false
      }
    },
    {
      "id": 7,
      "type": "CLIPTextEncode",
      "pos": [
        550,
        0
      ],
      "size": {
        "0": 425.27801513671875,
        "1": 180.6060791015625
      },
      "flags": {},
      "order": 13,
      "mode": 0,
      "inputs": [
        {
          "name": "clip",
          "type": "CLIP",
          "link": 204
        }
      ],
      "outputs": [
        {
          "name": "CONDITIONING",
          "type": "CONDITIONING",
          "links": [
            105
          ],
          "slot_index": 0
        }
      ],
      "properties": {
        "Node name for S&R": "CLIPTextEncode"
      },
      "widgets_values": [
        "embedding:EasyNegative, embedding:bad-hands-5,\nthong, fat, chubby, thick, lowres, error, cropped, worst quality, low quality, jpeg artifacts, out of frame, watermark, signature, deformed, ugly, mutilated, disfigured, text, extra limbs, face cut, head cut, extra fingers, extra arms, poorly drawn face, mutation, missing limbs, misplaced limbs, bad proportions, cropped head, malformed limbs, mutated hands, fused fingers, long neck, sketch, NSFW, bad hands,  "
      ]
    },
    {
      "id": 6,
      "type": "CLIPTextEncode",
      "pos": [
        550,
        -300
      ],
      "size": {
        "0": 421.10443115234375,
        "1": 234.18663024902344
      },
      "flags": {},
      "order": 12,
      "mode": 0,
      "inputs": [
        {
          "name": "clip",
          "type": "CLIP",
          "link": 203
        }
      ],
      "outputs": [
        {
          "name": "CONDITIONING",
          "type": "CONDITIONING",
          "links": [
            61
          ],
          "slot_index": 0
        }
      ],
      "properties": {
        "Node name for S&R": "CLIPTextEncode"
      },
      "widgets_values": [
        "adorable faerie wearing a cat lingerie with a cleavage cutout, pastel hair, (slim, skinny, thin, petite), hands behind her back, huge iridescent symmetrical butterfly wings in background, \nstriped stockings, shoulder length striped gloves, extra strings, extra knots, extra bows, shibari, high heeled sandals,\nphotograph, photographic photo, photogenic, studio, rule of thirds, anime, illustration, medium shot, reference, \nAzulejo, finely detailed, realistic, masterpiece, best quality, illustration, soft focus, HDR 8K, artstation, pixv, unreal engine 5, "
      ]
    },
    {
      "id": 84,
      "type": "Reroute",
      "pos": [
        -100,
        -450
      ],
      "size": [
        75,
        26
      ],
      "flags": {},
      "order": 2,
      "mode": 0,
      "inputs": [
        {
          "name": "",
          "type": "*",
          "link": null
        }
      ],
      "outputs": [
        {
          "name": "",
          "type": "*",
          "links": [],
          "slot_index": 0
        }
      ],
      "properties": {
        "showOutputText": false
      }
    },
    {
      "id": 5,
      "type": "EmptyLatentImage",
      "pos": [
        59,
        226
      ],
      "size": {
        "0": 315,
        "1": 106
      },
      "flags": {},
      "order": 3,
      "mode": 0,
      "outputs": [
        {
          "name": "LATENT",
          "type": "LATENT",
          "links": [
            218
          ],
          "slot_index": 0
        }
      ],
      "properties": {
        "Node name for S&R": "EmptyLatentImage"
      },
      "widgets_values": [
        512,
        768,
        1
      ]
    },
    {
      "id": 73,
      "type": "LoadImage",
      "pos": [
        62,
        399
      ],
      "size": [
        295.38885803222655,
        217.7415069580078
      ],
      "flags": {},
      "order": 4,
      "mode": 0,
      "outputs": [
        {
          "name": "IMAGE",
          "type": "IMAGE",
          "links": [
            198
          ],
          "slot_index": 0
        },
        {
          "name": "MASK",
          "type": "MASK",
          "links": null
        }
      ],
      "properties": {
        "Node name for S&R": "LoadImage"
      },
      "widgets_values": [
        "example.png",
        "image"
      ]
    },
    {
      "id": 80,
      "type": "VAEEncode",
      "pos": [
        500,
        400
      ],
      "size": {
        "0": 210,
        "1": 46
      },
      "flags": {},
      "order": 14,
      "mode": 0,
      "inputs": [
        {
          "name": "pixels",
          "type": "IMAGE",
          "link": 198
        },
        {
          "name": "vae",
          "type": "VAE",
          "link": 200
        }
      ],
      "outputs": [
        {
          "name": "LATENT",
          "type": "LATENT",
          "links": [],
          "slot_index": 0
        }
      ],
      "properties": {
        "Node name for S&R": "VAEEncode"
      }
    },
    {
      "id": 81,
      "type": "Reroute",
      "pos": [
        400,
        700
      ],
      "size": [
        75,
        26
      ],
      "flags": {},
      "order": 10,
      "mode": 0,
      "inputs": [
        {
          "name": "",
          "type": "*",
          "link": 201
        }
      ],
      "outputs": [
        {
          "name": "",
          "type": "VAE",
          "links": [
            200,
            202
          ],
          "slot_index": 0
        }
      ],
      "properties": {
        "showOutputText": false
      }
    },
    {
      "id": 75,
      "type": "UpscaleModelLoader",
      "pos": [
        2000,
        -250
      ],
      "size": {
        "0": 315,
        "1": 58
      },
      "flags": {},
      "order": 5,
      "mode": 0,
      "outputs": [
        {
          "name": "UPSCALE_MODEL",
          "type": "UPSCALE_MODEL",
          "links": [
            189
          ],
          "slot_index": 0
        }
      ],
      "properties": {
        "Node name for S&R": "UpscaleModelLoader"
      },
      "widgets_values": [
        "2x-PSNR.pth"
      ]
    },
    {
      "id": 23,
      "type": "Reroute",
      "pos": [
        2950,
        700
      ],
      "size": [
        75,
        26
      ],
      "flags": {},
      "order": 19,
      "mode": 0,
      "inputs": [
        {
          "name": "",
          "type": "*",
          "link": 56
        }
      ],
      "outputs": [
        {
          "name": "",
          "type": "VAE",
          "links": [
            194,
            195
          ],
          "slot_index": 0
        }
      ],
      "properties": {
        "showOutputText": false
      }
    },
    {
      "id": 79,
      "type": "SaveImage",
      "pos": [
        2700,
        200
      ],
      "size": [
        300,
        450
      ],
      "flags": {},
      "order": 30,
      "mode": 0,
      "inputs": [
        {
          "name": "images",
          "type": "IMAGE",
          "link": 197
        }
      ],
      "properties": {},
      "widgets_values": [
        "wyrdeWF"
      ]
    },
    {
      "id": 77,
      "type": "VAEEncode",
      "pos": [
        3150,
        -73
      ],
      "size": {
        "0": 210,
        "1": 46
      },
      "flags": {},
      "order": 29,
      "mode": 0,
      "inputs": [
        {
          "name": "pixels",
          "type": "IMAGE",
          "link": 191
        },
        {
          "name": "vae",
          "type": "VAE",
          "link": 194
        }
      ],
      "outputs": [
        {
          "name": "LATENT",
          "type": "LATENT",
          "links": [
            193
          ],
          "slot_index": 0
        }
      ],
      "properties": {
        "Node name for S&R": "VAEEncode"
      }
    },
    {
      "id": 14,
      "type": "KSampler",
      "pos": [
        3550,
        -250
      ],
      "size": {
        "0": 315,
        "1": 262
      },
      "flags": {},
      "order": 31,
      "mode": 0,
      "inputs": [
        {
          "name": "model",
          "type": "MODEL",
          "link": 82
        },
        {
          "name": "positive",
          "type": "CONDITIONING",
          "link": 104
        },
        {
          "name": "negative",
          "type": "CONDITIONING",
          "link": 102
        },
        {
          "name": "latent_image",
          "type": "LATENT",
          "link": 193
        }
      ],
      "outputs": [
        {
          "name": "LATENT",
          "type": "LATENT",
          "links": [
            37
          ],
          "slot_index": 0
        }
      ],
      "properties": {
        "Node name for S&R": "KSampler"
      },
      "widgets_values": [
        563530045381123,
        true,
        10,
        8,
        "uni_pc_bh2",
        "ddim_uniform",
        0.8
      ]
    },
    {
      "id": 66,
      "type": "SaveImage",
      "pos": [
        5050,
        -100
      ],
      "size": [
        550,
        900
      ],
      "flags": {},
      "order": 36,
      "mode": 0,
      "inputs": [
        {
          "name": "images",
          "type": "IMAGE",
          "link": 172
        }
      ],
      "properties": {},
      "widgets_values": [
        "wyrdeWF"
      ]
    },
    {
      "id": 83,
      "type": "LoraLoader",
      "pos": [
        -33,
        -150
      ],
      "size": [
        392.41656494140625,
        126
      ],
      "flags": {},
      "order": 9,
      "mode": 0,
      "inputs": [
        {
          "name": "model",
          "type": "MODEL",
          "link": 206
        },
        {
          "name": "clip",
          "type": "CLIP",
          "link": 205
        }
      ],
      "outputs": [
        {
          "name": "MODEL",
          "type": "MODEL",
          "links": [
            213
          ],
          "slot_index": 0
        },
        {
          "name": "CLIP",
          "type": "CLIP",
          "links": [
            203,
            204
          ],
          "slot_index": 1
        }
      ],
      "properties": {
        "Node name for S&R": "LoraLoader"
      },
      "widgets_values": [
        "_clothes__\\catLingerie_v10.safetensors",
        0.4,
        1
      ]
    },
    {
      "id": 82,
      "type": "LoraLoader",
      "pos": [
        -35,
        -348
      ],
      "size": [
        398.41656494140625,
        130.8115234375
      ],
      "flags": {},
      "order": 6,
      "mode": 0,
      "inputs": [
        {
          "name": "model",
          "type": "MODEL",
          "link": 211
        },
        {
          "name": "clip",
          "type": "CLIP",
          "link": 212
        }
      ],
      "outputs": [
        {
          "name": "MODEL",
          "type": "MODEL",
          "links": [
            206
          ],
          "slot_index": 0
        },
        {
          "name": "CLIP",
          "type": "CLIP",
          "links": [
            205
          ],
          "slot_index": 1
        }
      ],
      "properties": {
        "Node name for S&R": "LoraLoader"
      },
      "widgets_values": [
        "_clothes__\\butterflyWings_butterflyWingsV1.safetensors",
        0.8,
        1
      ]
    },
    {
      "id": 85,
      "type": "Reroute",
      "pos": [
        1010,
        230
      ],
      "size": [
        75,
        26
      ],
      "flags": {},
      "order": 8,
      "mode": 0,
      "inputs": [
        {
          "name": "",
          "type": "*",
          "link": 218
        }
      ],
      "outputs": [
        {
          "name": "",
          "type": "LATENT",
          "links": [
            215
          ],
          "slot_index": 0
        }
      ],
      "properties": {
        "showOutputText": false
      }
    },
    {
      "id": 76,
      "type": "ImageUpscaleWithModel",
      "pos": [
        2400,
        -72
      ],
      "size": {
        "0": 241.79998779296875,
        "1": 46
      },
      "flags": {},
      "order": 28,
      "mode": 0,
      "inputs": [
        {
          "name": "upscale_model",
          "type": "UPSCALE_MODEL",
          "link": 189,
          "slot_index": 0
        },
        {
          "name": "image",
          "type": "IMAGE",
          "link": 222,
          "slot_index": 1
        }
      ],
      "outputs": [
        {
          "name": "IMAGE",
          "type": "IMAGE",
          "links": [
            191,
            197
          ],
          "slot_index": 0
        }
      ],
      "properties": {
        "Node name for S&R": "ImageUpscaleWithModel"
      }
    },
    {
      "id": 87,
      "type": "SaveImage",
      "pos": [
        1970,
        210
      ],
      "size": {
        "0": 300,
        "1": 450
      },
      "flags": {},
      "order": 27,
      "mode": 0,
      "inputs": [
        {
          "name": "images",
          "type": "IMAGE",
          "link": 221
        }
      ],
      "properties": {},
      "widgets_values": [
        "wyrdeWF"
      ]
    },
    {
      "id": 8,
      "type": "VAEDecode",
      "pos": [
        1700,
        -50
      ],
      "size": {
        "0": 210,
        "1": 46
      },
      "flags": {},
      "order": 25,
      "mode": 0,
      "inputs": [
        {
          "name": "samples",
          "type": "LATENT",
          "link": 7
        },
        {
          "name": "vae",
          "type": "VAE",
          "link": 54
        }
      ],
      "outputs": [
        {
          "name": "IMAGE",
          "type": "IMAGE",
          "links": [
            216,
            221
          ],
          "slot_index": 0
        }
      ],
      "properties": {
        "Node name for S&R": "VAEDecode"
      }
    },
    {
      "id": 3,
      "type": "KSampler",
      "pos": [
        1250,
        -150
      ],
      "size": {
        "0": 315,
        "1": 262
      },
      "flags": {},
      "order": 22,
      "mode": 0,
      "inputs": [
        {
          "name": "model",
          "type": "MODEL",
          "link": 96
        },
        {
          "name": "positive",
          "type": "CONDITIONING",
          "link": 63
        },
        {
          "name": "negative",
          "type": "CONDITIONING",
          "link": 64
        },
        {
          "name": "latent_image",
          "type": "LATENT",
          "link": 215
        }
      ],
      "outputs": [
        {
          "name": "LATENT",
          "type": "LATENT",
          "links": [
            7
          ],
          "slot_index": 0
        }
      ],
      "properties": {
        "Node name for S&R": "KSampler"
      },
      "widgets_values": [
        999489021791191,
        false,
        15,
        7,
        "uni_pc_bh2",
        "ddim_uniform",
        1
      ]
    },
    {
      "id": 86,
      "type": "Reroute",
      "pos": [
        2100,
        -50
      ],
      "size": [
        75,
        26
      ],
      "flags": {},
      "order": 26,
      "mode": 2,
      "inputs": [
        {
          "name": "",
          "type": "*",
          "link": 216
        }
      ],
      "outputs": [
        {
          "name": "",
          "type": "IMAGE",
          "links": [
            222
          ],
          "slot_index": 0
        }
      ],
      "properties": {
        "showOutputText": false
      }
    }
  ],
  "links": [
    [
      7,
      3,
      0,
      8,
      0,
      "LATENT"
    ],
    [
      37,
      14,
      0,
      17,
      0,
      "LATENT"
    ],
    [
      54,
      16,
      0,
      8,
      1,
      "VAE"
    ],
    [
      56,
      16,
      0,
      23,
      0,
      "*"
    ],
    [
      61,
      6,
      0,
      24,
      0,
      "*"
    ],
    [
      63,
      24,
      0,
      3,
      1,
      "CONDITIONING"
    ],
    [
      64,
      25,
      0,
      3,
      2,
      "CONDITIONING"
    ],
    [
      82,
      26,
      0,
      14,
      0,
      "MODEL"
    ],
    [
      94,
      15,
      0,
      28,
      0,
      "*"
    ],
    [
      95,
      28,
      0,
      26,
      0,
      "*"
    ],
    [
      96,
      28,
      0,
      3,
      0,
      "MODEL"
    ],
    [
      101,
      25,
      0,
      33,
      0,
      "*"
    ],
    [
      102,
      33,
      0,
      14,
      2,
      "CONDITIONING"
    ],
    [
      103,
      24,
      0,
      32,
      0,
      "*"
    ],
    [
      104,
      32,
      0,
      14,
      1,
      "CONDITIONING"
    ],
    [
      105,
      7,
      0,
      25,
      0,
      "*"
    ],
    [
      165,
      59,
      0,
      58,
      0,
      "UPSCALE_MODEL"
    ],
    [
      166,
      58,
      0,
      60,
      0,
      "IMAGE"
    ],
    [
      172,
      60,
      0,
      66,
      0,
      "IMAGE"
    ],
    [
      185,
      17,
      0,
      58,
      1,
      "IMAGE"
    ],
    [
      186,
      4,
      2,
      12,
      0,
      "*"
    ],
    [
      187,
      17,
      0,
      9,
      0,
      "IMAGE"
    ],
    [
      189,
      75,
      0,
      76,
      0,
      "UPSCALE_MODEL"
    ],
    [
      191,
      76,
      0,
      77,
      0,
      "IMAGE"
    ],
    [
      193,
      77,
      0,
      14,
      3,
      "LATENT"
    ],
    [
      194,
      23,
      0,
      77,
      1,
      "VAE"
    ],
    [
      195,
      23,
      0,
      78,
      0,
      "*"
    ],
    [
      196,
      78,
      0,
      17,
      1,
      "VAE"
    ],
    [
      197,
      76,
      0,
      79,
      0,
      "IMAGE"
    ],
    [
      198,
      73,
      0,
      80,
      0,
      "IMAGE"
    ],
    [
      200,
      81,
      0,
      80,
      1,
      "VAE"
    ],
    [
      201,
      12,
      0,
      81,
      0,
      "*"
    ],
    [
      202,
      81,
      0,
      16,
      0,
      "*"
    ],
    [
      203,
      83,
      1,
      6,
      0,
      "CLIP"
    ],
    [
      204,
      83,
      1,
      7,
      0,
      "CLIP"
    ],
    [
      205,
      82,
      1,
      83,
      1,
      "CLIP"
    ],
    [
      206,
      82,
      0,
      83,
      0,
      "MODEL"
    ],
    [
      211,
      4,
      0,
      82,
      0,
      "MODEL"
    ],
    [
      212,
      4,
      1,
      82,
      1,
      "CLIP"
    ],
    [
      213,
      83,
      0,
      15,
      0,
      "*"
    ],
    [
      215,
      85,
      0,
      3,
      3,
      "LATENT"
    ],
    [
      216,
      8,
      0,
      86,
      0,
      "*"
    ],
    [
      218,
      5,
      0,
      85,
      0,
      "*"
    ],
    [
      221,
      8,
      0,
      87,
      0,
      "IMAGE"
    ],
    [
      222,
      86,
      0,
      76,
      1,
      "IMAGE"
    ]
  ],
  "groups": [
    {
      "title": "img x1",
      "bounding": [
        1775,
        85,
        524,
        609
      ],
      "color": "#3f789e"
    },
    {
      "title": "img x2",
      "bounding": [
        2515,
        80,
        507,
        607
      ],
      "color": "#3f789e"
    },
    {
      "title": "img x2 resampled",
      "bounding": [
        4121,
        89,
        546,
        632
      ],
      "color": "#3f789e"
    },
    {
      "title": "img Model Scaled/Sharpend (final x4)",
      "bounding": [
        5024,
        -272,
        599,
        1092
      ],
      "color": "#a1309b"
    }
  ],
  "config": {},
  "extra": {},
  "version": 0.4
}